Ime,Država,Spodnja višina [m],Zgornja višina [m],Dolžina prog [km],Dolžina črnih prog [km],Dolžina modrih prog [km],Število žičnic,Cena [€]
Obertauern,Avstrija,1630,2313,100,4,61,26,69.50
Kronplatz (Plan de Corones),Italija,973,2275,121,29,58,31,80
Ischgl/Samnaun – Silvretta Arena,Avstrija,1360,2872,239,52,47,46,79
Arosa Lenzerheide,Švica,1229,2865,225,28,110,43,95
Spieljoch – Fügen,Avstrija,610,2054,17.1,2.7,3.6,11,77
Steinplatte-Winklmoosalm – Waidring/Reit im Winkl,Avstrija,740,1860,42,2,20,14,60
Biberwier – Marienberg,Avstrija,1000,1820,11,0,7.3,5,68
Mayrhofen – Penken/Ahorn/Rastkogel/Eggalm,Avstrija,630,2500,142,32,44,61,79
KitzSki – Kitzbühel/Kirchberg,Avstrija,800,2000,188,20,102,58,79.50
Zettersfeld – Lienz,Avstrija,1660,2278,21,1.6,7.9,6,67
Großglockner Resort Kals-Matrei,Avstrija,933,2426,40,6,8.5,12,Ni podatka
Zillertal Arena – Zell am Ziller/Gerlos/Königsleiten/Hochkrimml,Avstrija,580,2500,150.1,12,50,52,79
Nauders am Reschenpass – Bergkastel,Avstrija,1400,2750,75,14,25,11,65
Wildkogel – Neukirchen/Bramberg,Avstrija,820,2150,75,10,35,20,67
Silvretta Montafon,Avstrija,700,2430,141.6,31.6,60,35,77
Pfelders (Moos in Passeier),Italija,1601,2502,18,4,5,4,51
St. Jakob im Defereggental – Brunnalm,Avstrija,1400,2683,23.7,6.2,5,7,Ni podatka
Stubai Glacier (Stubaier Gletscher),Avstrija,1697,3212,65.3,2.8,37.9,26,69.80
Hochkönig – Maria Alm/Dienten/Mühlbach,Avstrija,800,1900,120,27,52,34,76.50
Val Gardena (Gröden),Italija,1236,2518,181,21,52,79,77
Latemar – Obereggen/Pampeago/Predazzo,Italija,1540,2388,49,6.9,9.3,18,69
Madonna di Campiglio/Pinzolo/Folgàrida/Marilleva,Italija,852,2504,155,33,50,58,79
Lermoos – Grubigstein,Avstrija,1004,2100,26.5,1.9,14.4,8,68
Schmittenhöhe – Zell am See,Avstrija,760,2000,77,19,30,27,79
Ski Juwel Alpbachtal Wildschönau,Avstrija,830,2030,96.7,12.7,31.1,45,68.50
Racines-Giovo (Ratschings-Jaufen)/Malga Calice (Kalcheralm),Italija,1300,2100,28.1,0.9,5.6,7,67
Belpiano (Schöneben)/Malga San Valentino (Haideralm),Italija,1460,2390,65,6,29,10,67
Aletsch Arena – Riederalp/Bettmeralp/Fiesch Eggishorn,Švica,1845,2869,104,12,42,35,70
SkiWelt Wilder Kaiser-Brixental,Avstrija,620,1869,275,39,115,81,76
Carezza,Italija,1182,2337,40,4.8,19,13,68
Kleine Scheidegg/Männlichen – Grindelwald/Wengen,Švica,944,2400,102,13,33,23,84
Hochoetz – Oetz,Avstrija,1410,2272,37.5,4,12,15,55
Sillian – Thurntaler (Hochpustertal),Avstrija,1100,2407,22.4,1,5.3,7,Ni podatka
Kaltenbach – Hochzillertal/Hochfügen (SKi-optimal),Avstrija,600,2378,85.6,14.6,29.7,38,80
Tauplitz – Bad Mitterndorf,Avstrija,896,1965,43.5,6,18.5,17,56
Damüls Mellau,Avstrija,710,2050,80.8,1.9,29.9,21,70
Gitschberg Jochtal,Italija,1307,2510,55,9.3,18.5,14,70
Monte Bondone,Italija,1189,2090,18.8,0,4.8,4,52
Turracher Höhe,Avstrija,1400,2205,42.7,3.2,14.5,15,65
Bellwald,Švica,1600,2558,20,1.7,10.5,5,Ni podatka
Ehrwalder Wettersteinbahnen – Ehrwald,Avstrija,1000,1530,21,3,15,6,49
Scuol – Motta Naluns,Švica,1250,2785,70,11,27,12,73
Glungezer – Tulfes,Avstrija,950,2304,23,1,6.5,6,48
Sonnenkopf – Klösterle,Avstrija,1000,2300,29.5,0.8,12.8,9,55
Schlick 2000 – Fulpmes,Avstrija,1009,2240,25,3.5,13.5,9,56
Folgaria/Fiorentini,Italija,1238,1824,70,4,37.5,26,58
Flumserberg,Švica,665,2222,65,11,14,17,76
Axamer Lizum,Avstrija,1560,2340,40.7,17.6,7.2,9,59.50
Wildhaus – Gamserrugg (Toggenburg),Švica,1020,2076,23,3,3,6,65
Kitzsteinhorn/Maiskogel – Kaprun,Avstrija,768,3029,61,9,29,24,79
Hohsaas – Saas-Grund,Švica,1559,3200,26.1,2.1,4.4,8,66
Moelltal Glacier (Mölltaler Gletscher),Avstrija,2108,3122,36,9.5,6.5,9,66
Ofterschwang/Gunzesried – Ofterschwanger Horn,Nemčija,880,1405,16.5,2.7,4.6,7,53
San Martino di Castrozza,Italija,1404,2357,60,12,16,21,67
Dorfgastein/Großarltal,Avstrija,849,2033,67.5,1.5,31,16,77
Paganella – Andalo,Italija,1040,2125,40,2,11,15,71
Ponte di Legno/Tonale/Presena Glacier/Temù (Pontedilegno-Tonale),Italija,1121,3000,100,16,24,30,62
First – Grindelwald,Švica,1050,2500,49,8,30,10,84
Pejo 3000,Italija,1400,3000,20,2.2,5,7,55
Berwang/Bichlbach/Rinnen,Avstrija,1079,1743,34,1.6,17.2,12,68
Loser – Altaussee,Avstrija,850,1800,34,1,21,8,56
Pizol – Bad Ragaz/Wangs,Švica,509,2250,43.1,6,18.5,12,71
Ramsau am Dachstein – Rittisberg,Avstrija,1035,1636,12.9,1,7.7,8,51
Elm im Sernftal,Švica,1020,2105,40,5,15,5,56
Serfaus-Fiss-Ladis,Avstrija,1200,2828,186,27,47,38,74
St. Anton/St. Christoph/Stuben/Lech/Zürs/Warth/Schröcken – Ski Arlberg,Avstrija,1304,2811,299.7,49.7,130,85,78
Saalbach Hinterglemm Leogang Fieberbrunn (Skicircus),Avstrija,830,2096,270,18,140,70,79
St. Moritz – Corviglia,Švica,1772,3057,155,34,42,23,Ni podatka
Tignes/Val d'Isère,Francija,1550,3456,300,60,165,78,71
Les 3 Vallées – Val Thorens/Les Menuires/Méribel/Courchevel,Francija,1100,3230,600,60,336,156,79
Sölden,Avstrija,1350,3340,143.4,30.1,72.4,31,79
Schladming – Planai/​Hochwurzen/​Hauser Kaibling/​Reiteralm (4-Berge-Skischaukel),Avstrija,728,2015,123,8.3,46.4,47,76.50
Zermatt/Breuil-Cervinia/Valtournenche – Matterhorn,Švica,1562,3899,322,27,75,51,109
Snow Space Salzburg – Flachau/Wagrain/St. Johann-Alpendorf,Avstrija,740,1980,120.1,4,34,45,79
Laax/Flims/Falera,Švica,1100,3018,224,51,97,30,115
Gurgl – Obergurgl-Hochgurgl,Avstrija,1793,3030,112.2,18.8,60.2,25,73
Bad Gastein/Bad Hofgastein – Schlossalm/Angertal/Stubnerkogel,Avstrija,860,2300,82.7,2.6,30.8,17,76.50
Nassfeld – Hermagor,Avstrija,600,2002,110,11,30,29,67
Livigno,Italija,1816,2798,115,20,32,31,66.50
Adelboden/Lenk – Chuenisbärgli/Silleren/Hahnenmoos/Metsch,Švica,1260,2200,86,6,46,22,Ni podatka
Andermatt/Oberalp/Sedrun,Švica,1444,2600,70,12,18,13,95
La Plagne (Paradiski),Francija,1207,3167,225,27,139,74,68
Serre Chevalier – Briançon/Chantemerle/Villeneuve-la-Salle/Le Monêtier-les-Bains,Francija,1200,2800,250,32.5,137.5,59,65.50
4 Vallées – Verbier/La Tzoumaz/Nendaz/Veysonnaz/Thyon,Švica,1350,3330,412,103,107,68,95
Alpe di Siusi (Seiser Alm),Italija,1227,2220,63,3,15,21,77
Klausberg – Skiworld Ahrntal,Italija,1050,2510,40.5,6.8,19.4,11,69.50
Espace San Bernardo – La Rosière/La Thuile,Francija,1190,2800,143.1,16.6,56,38,57
3 Zinnen Dolomites – Helm/Stiergarten/Rotwand/Kreuzbergpass,Italija,1130,2200,86.4,8.4,40.4,20,Ni podatka
Titlis – Engelberg,Švica,1003,3020,70,9.5,18,17,Ni podatka
Katschberg,Avstrija,1066,2220,80,12,12,17,69.50
Les 2 Alpes,Francija,1280,3523,200,34,110,44,63
Alta Badia,Italija,1324,2778,130,9,74,53,77
Les Portes du Soleil – Morzine/Avoriaz/Les Gets/Châtel/Morgins/Champéry,Švica,985,2254,580,60,310,164,70
Belvedere/Col Rodella/Ciampac/Buffaure – Canazei/Campitello/Alba/Pozza di Fassa,Italija,1320,2485,55.2,7.2,7.3,35,73
Passo San Pellegrino/Falcade,Italija,1190,2513,67.5,8.5,20.5,15,69
Parsenn (Davos Klosters),Švica,810,2844,95.5,17.7,17.3,18,89
Via Lattea – Sestriere/Sauze d’Oulx/San Sicario/Claviere/Montgenèvre,Italija,1538,2789,400,84,96,70,63
Kreischberg,Avstrija,868,2118,42.5,9,17.5,12,65
Obersaxen/Mundaun/Val Lumnezia,Švica,1201,2310,120,20,60,15,71
Alpe d'Huez,Francija,1125,3330,250,50,70,69,62
Crans-Montana,Švica,1510,2927,140,15,55,24,95
Grimentz/Zinal,Švica,1570,2900,115,29.9,26.5,21,76
Jakobshorn (Davos Klosters),Švica,1535,2568,41.2,2.5,25.5,13,89
Speikboden – Skiworld Ahrntal,Italija,950,2400,41.5,5.7,22.8,8,69.50
Arabba/Marmolada,Italija,1446,3269,63,8.9,23.6,26,73
Villars/Gryon/Les Diablerets,Švica,1224,2120,87,3,66,30,73
Le Grand Massif – Flaine/Les Carroz/Morillon/Samoëns/Sixt,Francija,697,2480,265,35,135,62,59
Belalp – Blatten,Švica,1322,3118,38.5,11.3,15.1,13,75
Dachstein West – Gosau/Russbach/Annaberg,Avstrija,745,1617,51,3,15,24,61.90
Megève/Saint-Gervais,Francija,850,2353,263,31,98,79,61.50
Les Arcs/Peisey-Vallandry (Paradiski),Francija,1200,3226,200,26,104,52,68
Kühtai,Avstrija,1938,2520,48.6,15.3,5.2,12,55
Hochzeiger – Jerzens,Avstrija,1450,2488,40,8,10,9,66
Corvatsch/Furtschellas,Švica,1797,3303,120,17.7,13,14,92
Galtür – Silvapark,Avstrija,1600,2300,43,12,6,9,58.50
See,Avstrija,1040,2570,42.5,8.3,7.2,11,63
Cortina d'Ampezzo,Italija,1217,2828,120,16,45,26,77
Espace Diamant – Les Saisies/Notre-Dame-de-Bellecombe/Praz sur Arly/Flumet/Crest-Voland,Francija,1000,2069,192,11,132,80,49
Zauchensee/Flachauwinkl,Avstrija,1000,2176,45,4.3,23.5,16,Ni podatka
Fellhorn/Kanzelwand – Oberstdorf/Riezlern,Nemčija,920,1967,36,2,14,13,65.80
Alagna Valsesia/Gressoney-La-Trinité/Champoluc/Frachey (Monterosa Ski),Italija,1212,3275,132,14,29,20,67
Alpe Lusia – Moena/Bellamonte,Italija,1367,2340,27.5,4,12.9,8,69
Radstadt/Altenmarkt,Avstrija,850,1571,17.3,0.6,9.2,7,Ni podatka
Ladurns,Italija,1140,2030,18,1.2,8.4,3,55
Gerlitzen,Avstrija,1000,1911,52.9,6.9,9,21,67
Civetta – Alleghe/Selva di Cadore/Palafavera/Zoldo,Italija,1000,2100,72,8,28,23,67
St. Johann in Tirol/Oberndorf – Harschbichl,Avstrija,659,1604,40,0.5,21.5,10,59
Hinterstoder – Höss,Avstrija,600,2000,39.9,9.9,12,13,Ni podatka
Golm,Avstrija,650,2100,26.7,1.5,13.3,9,Ni podatka
Saas-Fee,Švica,1800,3573,100,20,20,23,87
Rinderberg/Saanerslochgrat/Horneggli – Zweisimmen/Saanenmöser/Schönried/St. Stephan,Švica,948,2011,88.9,4,64.3,16,89
Brigels/Waltensburg/Andiast,Švica,1102,2418,40,3,11,10,69
Plose – Brixen (Bressanone),Italija,1039,2505,42.5,13.5,19.5,7,68
Bormio – Cima Bianca,Italija,1200,3017,50,12,16,14,59
Almenwelt Lofer,Avstrija,640,1670,46,2,32,10,62
Les Sybelles – Le Corbier/La Toussuire/Les Bottières/St Colomban des Villards/St Sorlin/St Jean d’Arves,Francija,1100,2620,310,21.7,71.3,68,58.10
Hintertux Glacier (Hintertuxer Gletscher),Avstrija,1500,3250,64,11.7,17.2,20,76
Bergeralm – Steinach am Brenner,Avstrija,1048,2180,29,9,9.5,7,57.30
Schwemmalm,Italija,1505,2625,27.4,5.7,6.3,8,54
Galibier Thabor – Valmeinier/Valloire,Francija,1430,2750,160,15,60,30,52.30
Val Cenis – Lanslevillard/Lanslebourg/Termignon,Francija,1300,2800,125,10,73,29,48.50
Vars/Risoul – La Forêt Blanche,Francija,1650,2750,185,20,75,34,55
Santa Caterina Valfurva,Italija,1722,2880,20.5,3.6,1.4,8,59
Filzmoos,Avstrija,970,1591,20,1,9,8,68
Le Grand Domaine – Valmorel/Doucy/Celliers/St François Longchamp,Francija,1250,2403,165,15,115,46,57
Pitztal Glacier (Pitztaler Gletscher),Avstrija,2685,3440,40,2,8,7,75
Riesneralm – Donnersbachwald,Avstrija,973,1820,35.2,3,20.2,8,56
Hoch-Ybrig – Unteriberg/Oberiberg,Švica,1040,1831,50,5,15,12,63
Ehrwalder Alm – Ehrwald,Avstrija,1112,1923,27.5,2,18.1,7,68
Stoos – Fronalpstock/Klingenstock,Švica,1300,1935,35,10,4,8,62
Alpe Cermis – Cavalese,Italija,860,2250,24,5,10,7,69
Rauriser Hochalmbahnen – Rauris,Avstrija,950,2175,32.5,5,15,10,61
Rosskopf (Monte Cavallo) – Sterzing (Vipiteno),Italija,960,2120,20,1,6,3,59
Lauchernalp – Lötschental,Švica,1403,3091,38,8,17,6,Ni podatka
Les Contamines/Hauteluce,Francija,1164,2437,120,20,40,24,52.50
Les 7 Laux – Prapoutel/Le Pleynet/Pipay,Francija,1350,2400,120,38,46,22,41
Espace Villard Corrençon – Villard-de-Lans/Corrençon-en-Vercors,Francija,1050,2050,125,25,50,19,42
Espace Lumière – Pra Loup/Val d’Allos,Francija,1608,2576,180,30.5,56,36,47
La Clusaz/Manigod,Francija,1050,2485,125,16,67,49,53
Garmisch-Classic – Garmisch-Partenkirchen,Nemčija,740,2050,40,10,12,18,64
Zoncolan – Ravascletto/Sutrio,Italija,900,1970,24.1,4,9,11,44
Bad Kleinkirchheim,Avstrija,1087,2055,103,8,11,24,67
Meiringen-Hasliberg,Švica,1065,2433,60,6,20,13,66
Brandnertal – Brand/Bürserberg,Avstrija,904,2000,47.6,1.3,23,15,Ni podatka
Aprica,Italija,1162,2270,50,7.7,26.9,16,54
Christlum – Achenkirch,Avstrija,950,1800,27,5,6,10,65
Schilthorn – Mürren/Lauterbrunnen,Švica,796,2970,54,12,19,16,84
Flachauwinkl/Kleinarl (Shuttleberg),Avstrija,1000,1980,28,2,19,10,79
Ifen,Avstrija,1270,2030,24.7,3.7,13.1,4,65.80
Kappl,Avstrija,1180,2690,42,8,12,10,63
Sulden am Ortler (Solda all'Ortles),Italija,1900,3250,44,14,17,11,58
Söllereck – Oberstdorf,Nemčija,820,1450,14,0.7,7.9,7,53.90
Val Senales Glacier (Schnalstaler Gletscher),Italija,2011,3212,42,14,10,11,62
Kaunertal Glacier (Kaunertaler Gletscher),Avstrija,2150,3113,55,10,22.5,8,70
Nebelhorn – Oberstdorf,Nemčija,828,2224,12.9,5,2.8,6,65.80
Catinaccio/Ciampedie – Vigo di Fassa/Pera di Fassa,Italija,1322,2095,13.5,0.9,6.4,6,73
Sudelfeld – Bayrischzell,Nemčija,850,1563,31.2,4.8,7.7,14,51
Diedamskopf – Schoppernau,Avstrija,820,2060,40,9,13,9,64
Grosseck/Speiereck – Mauterndorf/St. Michael,Avstrija,1095,2400,50,7,26,10,58
Oberjoch (Bad Hindelang) – Iseler,Nemčija,1130,1559,32,2,6,5,49.80
Madrisa (Davos Klosters),Švica,1142,2602,22.9,7.5,6.2,9,76
Gargellen,Avstrija,1423,2300,28.2,3,19.2,8,Ni podatka
Dévoluy – Superdévoluy/La Joue du Loup,Francija,1500,2500,100,10,55,20,43.50
Disentis,Švica,1227,2833,60,10,20,12,68
Les Houches/Saint-Gervais – Prarion/Bellevue (Chamonix),Francija,1000,1900,55,5,25,15,57
Meran 2000,Italija,1609,2350,40,3,12,8,55.50
Isola 2000,Francija,1800,2603,120,10,75,20,42
Brévent/Flégère (Chamonix),Francija,1030,2525,56,20,11,17,71
Hörnerbahn – Bolsterlang,Nemčija,894,1665,17,2,8,5,53
Lachtal,Avstrija,1600,2222,26.2,3,7.2,10,57
Les Orres,Francija,1550,2720,100,10,30,17,43.50
Orcières Merlette 1850,Francija,1850,2725,100,14,18,26,45
Bardonecchia,Italija,1312,2800,100,8,54,22,48
Reinswald (San Martino in Sarentino),Italija,1570,2460,22,2,3,4,49.50
Vogel – Bohinj,Slovenija,569,1800,22,0,9.5,9,44
Grossglockner Heiligenblut,Avstrija,1301,2902,55,1,20,11,Ni podatka
Chamrousse,Francija,1400,2250,90,20,25,16,42.50
Le Grand Bornand,Francija,1000,2100,90,9,57,25,46.70
Auron (Saint-Etienne-de-Tinée),Francija,1600,2450,135,32,58,16,42
Patscherkofel – Innsbruck-Igls,Avstrija,1009,1965,19,4,5,6,49
Gemsstock – Andermatt,Švica,1444,2961,31,17,0,4,95
Sportgastein,Avstrija,1585,2650,18.2,1.5,3.5,3,76.50
Grüsch Danusa,Švica,600,1800,31,6,8,6,65
Hoch-Imst – Imst,Avstrija,1053,2026,10.3,1.9,2.6,4,44.30
Brauneck – Lenggries/Wegscheid,Nemčija,700,1712,30.7,6.5,3.5,15,51
Rosshütte – Seefeld,Avstrija,1230,2064,19.1,1.9,11.2,12,58
Mönichkirchen/Mariensee,Avstrija,865,1432,13.5,2,5.5,7,Ni podatka
Diavolezza/Lagalb,Švica,2093,3006,35,8,0,5,Ni podatka
Zuoz – Pizzet/Albanas,Švica,1720,2465,15,3,9,5,Ni podatka
Savognin,Švica,1168,2713,73.5,3,32.5,12,Ni podatka
Mondolè Ski – Artesina/Frabosa Soprana/Prato Nevoso,Italija,807,2085,105.3,11.6,42.7,25,37
Pila,Italija,1540,2740,70,8,11,12,55
Rifflsee,Avstrija,1640,2800,26,7,6,6,70
Nesselwang – Alpspitze (Alpspitzbahn),Nemčija,900,1463,8,0,6,6,42
Kasberg – Grünau im Almtal,Avstrija,620,1600,23,2,13,13,56
Malbun,Lihtenštajn,1600,2000,23,3,11,6,55
Splügen – Tambo,Švica,1484,2215,30,6,12,7,65
Grands Montets – Argentière (Chamonix),Francija,1252,2765,29,14,6,7,71
Galsterberg – Pruggern,Avstrija,1142,1984,11.4,0.5,4.3,4,69.50
Goldeck – Spittal an der Drau,Avstrija,547,2142,30.2,8,15.1,6,59
Vent,Avstrija,1900,2646,15,0,5,4,49.50
Hochkössen (Unterberghorn) – Kössen,Avstrija,613,1688,22.7,3,10.5,11,49.50
Les Portes du Mont-Blanc – Combloux/Megève le Jaillet/La Giettaz,Francija,1113,1835,85,7,28,20,47
Eggli/La Videmanette – Gstaad/Saanen/Rougemont,Švica,992,2151,58,5.4,35.2,9,89
Puy-Saint-Vincent,Francija,1407,2677,75,13,28,11,41
Valfréjus,Francija,1550,2737,70,10,40,9,42.50
Rinerhorn (Davos Klosters),Švica,1459,2490,51.5,12.8,15.6,7,70
Watles – Malles Venosta (Mals),Italija,1750,2520,10,1,4,3,56
Spitzingsee-Tegernsee,Nemčija,980,1580,14.2,4.3,1.7,11,49
Weissee Gletscherwelt – Uttendorf,Avstrija,1482,2600,23,2,6,8,49
Werfenweng,Avstrija,902,1834,29,1,13,9,55.50
Krvavec,Slovenija,1450,1971,30,8,7,13,43
Walmendingerhorn/Heuberg – Mittelberg/Hirschegg,Avstrija,1070,1946,33.7,2.3,19.5,13,65.80
Füssener Jöchle – Grän,Avstrija,1150,1821,9,0.5,3,5,52
Valberg/Beuil les Launes,Francija,1412,2020,90,10,45,23,33
La Norma,Francija,1352,2746,65,5,17,13,42.50
Grächen,Švica,1619,2864,44,2,9,11,73
Venet – Landeck/Zams/Fliess,Avstrija,780,2212,15,1,0,5,42
Neunerköpfle – Tannheim,Avstrija,1110,1820,8.5,1,2.5,6,52
Lavarone,Italija,1174,1600,30.4,2,22.4,14,47
Muttereralm – Mutters/Götzens,Avstrija,897,1804,16.4,1,6.8,5,52
Rangger Köpfl – Oberperfuss,Avstrija,820,1930,10,0,5,5,45
Zugspitze,Nemčija,2000,2720,20,0,7,10,66
Wurzeralm – Spital am Pyhrn,Avstrija,810,1870,22.5,2,10.5,8,Ni podatka
Anzère,Švica,1516,2420,58,9,12,12,69
Aussois,Francija,1530,2705,55,3,30,7,39.60
Hochrindl – Sirnitz,Avstrija,1470,1832,20.6,3.8,5.4,7,49
Balderschwang – Hochschelpen/Riedberger Horn,Nemčija,1000,1500,41,10.9,15.9,12,42
Minschuns – Val Müstair-Tschierv,Švica,2126,2673,18,4,6,4,45
Cima Piazzi/San Colombano – Isolaccia/Oga,Italija,1342,2360,19.6,0.8,1.6,10,56
Ankogel – Mallnitz,Avstrija,1266,2636,12.8,5,2.8,5,52
Fanningberg,Avstrija,1497,2115,24,7.1,11.1,5,58
Hahnenkamm – Höfen/Reutte,Avstrija,854,1900,15.8,2.8,1,3,49
Jöchelspitze – Bach,Avstrija,1200,1768,5,0,2.5,2,52.50
Valchiavenna – Madesimo/Campodolcino,Italija,1550,2948,37,3,15,10,55
Chäserrugg – Unterwasser/Alt St. Johann (Toggenburg),Švica,900,2262,50,2,8,12,55
Arêches (Beaufort),Francija,1080,2300,50,15,15,14,38.10
Riserva Bianca – Limone Piemonte,Italija,1046,2060,52,17,7,16,48
San Domenico – Alpe Ciamporino,Italija,1420,2500,32.6,14.1,5.7,4,45
Laterns – Gapfohl,Avstrija,1040,1785,27,4,8,5,49
Grebenzen – St. Lambrecht,Avstrija,1010,1870,12.2,0.3,2.9,8,52
Wannenjoch/Rohnenspitze – Schattwald/Zöblen,Avstrija,1090,1565,8.2,0,4.5,4,52
Bürchen/Törbel – Moosalp,Švica,1476,2532,25,5,10,7,52
Grasgehren – Bolgengrat,Nemčija,1438,1655,11,0,2.5,5,36
Oclini,Italija,1838,2223,7,0.5,3,4,35
Postalm am Wolfgangsee,Avstrija,1163,1454,8,1,5,6,51
Saint Luc/Chandolin (Anniviers),Švica,1680,2980,60,10,20,15,69
Leysin,Švica,1250,2198,60,2,43,12,72
Betelberg – Lenk,Švica,1083,2001,42,0.9,21.7,11,64
Super Sauze,Francija,1400,2450,65,10,35,19,38
Sainte-Foy-Tarentaise,Francija,1550,2620,43,6,10,6,40
Les Karellis,Francija,1550,2482,60,9,26,17,34
Courmayeur – Chécrouit/Val Veny,Italija,1205,2755,41.5,4,16,18,67
Melchsee-Frutt (Kerns),Švica,1080,2255,36,10,20,15,63
Feuerkogel – Ebensee,Avstrija,443,1648,10.6,1,6.5,8,56.60
Monte Popolo – Eben im Pongau,Avstrija,875,1601,6,0,4,4,53.50
Buchensteinwand (Pillersee) – St. Ulrich am Pillersee/St. Jakob in Haus/Hochfilzen,Avstrija,855,1456,21.2,3,8,9,47
Praz de Lys/Sommand (Taninges/Mieussy),Francija,1240,1966,72,8,38,23,35
Charmey,Švica,875,1626,30,3,19.5,5,49
St. Jean Montclar,Francija,1325,2450,50,5,25,10,32.50
Vercorin,Švica,1340,2374,35,3,13,10,64
Nordkette – Innsbruck,Avstrija,860,2256,13.9,0.4,0.5,6,52
Vals – Dachberg,Švica,1286,2851,25,5,5,6,41
Götschen – Bischofswiesen,Nemčija,880,1280,8.7,4,2.9,3,30
Jungholz,Avstrija,1058,1500,10,0,7,7,42
Gschwandtkopf – Seefeld,Avstrija,1200,1500,6.4,0,6.4,10,55
Kanin – Sella Nevea/Bovec,Slovenija,1103,2292,30,2,6,10,44
Sörenberg – Rothorn/Dorf,Švica,1110,2298,42,8,24,14,62
Mythenregion,Švica,1070,1593,50,1,18,17,52
Ovronnaz,Švica,1400,2427,30,5,5,7,65
Nara – Leontica,Švica,925,2123,30,5,10,7,45
Le Seignus,Francija,1500,2426,50,5,25,8,34
Oberaudorf – Hocheck,Nemčija,490,852,8,1,3,7,29.50
Zauberberg Semmering,Avstrija,985,1350,14,1,6.5,2,54
Lagorai/Passo Brocon – Castello Tesino,Italija,1598,2050,10.4,0.3,4.8,4,45
Stuhleck – Spital am Semmering,Avstrija,777,1774,25.9,0,20,11,62.50
Mariborsko Pohorje – Maribor,Slovenija,328,1327,35,3,20,13,45
Glacier 3000 – Les Diablerets,Švica,1343,3016,31,11,14.5,11,84
La Berra – La Roche,Švica,1040,1636,25,0,5,6,44
Innerkrems – Kremsbrücke (Krems in Kärnten),Avstrija,1550,2200,36,2,7,9,44
Leukerbad,Švica,1411,2610,47.5,17,3.5,13,69
Hochstein – Lienz,Avstrija,668,1988,12,4.2,0.5,4,67
Bosco Gurin – Grossalp,Švica,1482,2331,30,4,1,7,61
Markbachjoch/Lanerköpfl – Niederau,Avstrija,825,1560,24,6,6,12,68.50
Klewenalp/Stockhütte – Beckenried/Emmetten,Švica,1199,1938,40,0,15,15,62
Tschiertschen,Švica,1350,2381,32,3,15,4,65
Piani di Bobbio,Italija,1340,1950,35,10,15,12,45
Alpe du Grand-Serre – La Morte,Francija,1367,2184,55,2,36,14,32
Hirmentaz/Les Habères – Bellevaux/Habère-Poche,Francija,920,1576,50,3,10,22,33
Tarvisio – Monte Lussari,Italija,754,1752,23.1,8.4,6.4,13,44
Balme/Les Autannes – Vallorcine/Le Tour,Francija,1453,2250,29,0,13,13,71
Carì,Švica,1650,2280,20,4,8,4,51
Kitzbüheler Horn,Avstrija,770,2000,17,2,6,10,52
Les Marécottes (Salvan),Švica,1110,2220,9,1.3,2.7,4,57
Montecampione – Alpiaz/Prato Secondino/Plan di Montecampione,Italija,1149,1841,30,5.3,3.7,10,30
Colere,Italija,1060,2178,21.3,9.5,0.1,5,48
Le Collet d'Allevard,Francija,1450,2140,35,2,20,11,27
Valmalenco – Alpe Palù,Italija,1527,2353,21.3,5.1,4.1,9,55
Braunwald,Švica,1236,1901,26,2,6,10,57
Les Brasses,Francija,900,1500,37,3.5,18.5,12,32
Evolène,Švica,1404,2632,41.1,14.6,15.5,5,51
Wasserngrat – Gstaad,Švica,1275,1940,9.3,2.2,0,Ni podatka,89
Macugnaga,Italija,1347,2900,32.1,3,7,9,32
Pesciüm – Airolo,Švica,1175,2250,30,14,1,8,Ni podatka
Kristberg – Silbertal,Avstrija,889,1589,7.8,4.2,2.4,4,50.40
Abriès,Francija,1450,2450,33,3,15,7,38.60
Nax – Mont-Noble,Švica,1495,2640,35,0,15,6,58
Kaiseregg/Riggisalp – Schwarzsee,Švica,1047,1751,20,3,10.5,6,49
Pralognan la Vanoise,Francija,1410,2355,26,2,7,12,38
Cerkno,Slovenija,935,1287,18,1,9,7,42
Moléson,Švica,1109,1978,30,7,19,6,45
Präbichl – Vordernberg,Avstrija,1100,1608,20,3,6,6,51.50
Champorcher,Italija,1440,2500,13.6,3.4,0.7,7,35
San Bernardino,Švica,1642,2515,34,3,14,10,52
Sangiacomo/Cardini – Monte Alpet,Italija,1098,1611,35,10,13,8,24
La Braye – Château d'Oex,Švica,1215,1630,28.5,8,10.5,7,Ni podatka
Padola – Ski Area Comelico,Italija,1211,1943,8.3,2.8,3.5,2,Ni podatka
Foppolo/Carona (Brembo Ski),Italija,1160,2163,22,2,4,9,40
Torgnon,Italija,1515,2246,20,2,6,7,38
Jaun,Švica,1023,1571,20,2,9,4,47
Brambrüesch/Dreibündenstein – Chur,Švica,1170,2174,20,4,8,5,48
Bonneval sur Arc,Francija,1797,2947,32,3.5,9,10,36
Petzen – Feistritz ob Bleiburg,Avstrija,650,1900,14.6,0.3,7.2,6,45.50
Roc d'Enfer – St. Jean dAulps-La Grande Terche/Bellevaux-La Chèvrerie,Francija,950,1800,28,1,6,16,39
Rittner Horn (Corno del Renon) – Ritten (Renon),Italija,1538,2260,13,2.4,8,3,42
Forni di Sopra,Italija,882,2066,12.7,0.8,1.1,8,44
Stari Vrh,Slovenija,580,1217,12,2,4,4,35
La Colmiane,Francija,1450,1800,30,3,21,7,25
Giw – Visperterminen,Švica,1381,2309,20.5,4.5,3.5,5,52
Sainte-Anne la Condamine – La Condamine-Châtelard,Francija,1830,2400,31.6,2.8,18.3,6,24.60
Schetteregg – Egg,Avstrija,1070,1325,11,1,4,8,46
San Vito di Cadore,Italija,1048,1584,10,1,4,5,51
Reith bei Kitzbühel,Avstrija,770,865,1.8,0,1.7,2,Ni podatka
Gaissau-Hintersee,Avstrija,750,1567,30,1,20,8,42
Molines-en-Queyras/Saint-Véran,Francija,1750,2800,33,1,20,13,39.90
Albiez-Montrond,Francija,1520,2100,35,3,25,7,31.50
Réallon,Francija,1560,2146,30,2,20,6,29
Monte Verena – Mezzaselva di Roana,Italija,1640,2020,15,7,5,5,45
Gemeindealpe – Mitterbach am Erlaufsee,Avstrija,800,1626,15.5,1.5,7,4,50.50
Obertilliach – Golzentipp,Avstrija,1430,2248,12.2,1,3.4,5,46
Altopiano di Brentonico – Polsa/San Valentino,Italija,1195,1583,22,4.4,6.8,7,48
Hündle/Thalkirchdorf (Oberstaufen),Nemčija,745,1170,18,0.6,10.1,8,47
Roubion les Buisses,Francija,1420,1920,30,2,16,7,20
Steibis – Imberg (Oberstaufen),Nemčija,859,1338,17.6,6.6,6,12,50
Oeschinensee – Kandersteg,Švica,1200,1730,13,0,4.1,6,42
Krippenstein – Obertraun,Avstrija,609,2109,12,0,3,7,59.50
Gressoney-Saint-Jean – Weissmatten,Italija,1348,2023,12,2,6,4,31
Pelvoux/Vallouise,Francija,1250,2300,25,1.7,14.8,7,27
Ceillac en Queyras,Francija,1650,2500,25,1,12,6,37.20
Rofan – Maurach,Avstrija,980,1870,11,2,1,5,42.50
Passo dello Stelvio (Stelvio Pass),Italija,2760,3450,9,0,8,6,59
Bernex,Francija,996,1871,19,4,8,11,29
Karkogel – Abtenau,Avstrija,712,1200,9,3,4.4,5,40
Arnoldstein – Dreiländereck,Avstrija,680,1550,15.1,3.2,4.7,7,Ni podatka
Bürgeralpe – Mariazell,Avstrija,851,1267,11.5,1.5,7,4,50.50
Baranci (Haunold) – San Candido (Innichen),Italija,1175,1610,12.6,0.3,7.2,5,61
Chabanon,Francija,1546,2025,40,7,18,12,29.30
Darlux – Bergün,Švica,1384,2569,20,1,4,3,48
Hochkar – Göstling,Avstrija,1380,1808,19.2,2.8,5.6,8,Ni podatka
Wispile – Gstaad,Švica,1043,1939,8.9,1.6,3.6,5,89
LeMelette – Gallio,Italija,1413,1733,18.2,4.1,2.2,4,42
Unterbäch – Brandalp/Ginals,Švica,1230,2443,19,3,10,7,57
Antagnod,Italija,1730,2307,10.7,0.3,6.4,4,31
Piancavallo,Italija,1245,1865,13.3,1.1,2.2,12,44
Passo Maniva,Italija,1511,2088,20,1.5,13.5,7,37
Alpe di Mera – Scopello,Italija,682,1739,17,1,2.7,7,42
Ancelle,Francija,1340,1807,30,2,16,13,29.30
Thollon les Mémises,Francija,1370,1874,17,1,6,15,29.50
Crévacol,Italija,1667,2454,21,3,7,3,35
Elsigen-Metsch – Frutigen,Švica,1334,2289,30,3,10,11,Ni podatka
Karwendel Bergbahn (Zwölferkopf) – Pertisau,Avstrija,960,1560,12,0,6,5,34.50
Le Semnoz,Francija,1450,1704,18,1,12,10,17.50
L'Essert – Abondance,Francija,936,1730,15,1,11,8,27.50
Saint-Léger-les-Mélèzes,Francija,1260,1982,24,2,10,8,27.50
Aillons-Margériaz,Francija,1370,1785,24,1.8,18.2,10,29
Lizzola,Italija,1262,2028,20,0,2,5,38
Col de Rousset,Francija,1255,1700,29,2,22,11,26
Auronzo di Cadore – Monte Agudo,Italija,856,1585,6.1,0.7,0.2,3,49
Fendels,Avstrija,1325,2271,8.5,1.1,3.8,6,50
Les Mosses/La Lécherette,Švica,1379,1874,40,2.5,10,14,52
Sampeyre,Italija,995,1860,17.2,1,9.4,2,25
Kranjska Gora,Slovenija,807,1282,20,2,10,15,47
TschentenAlp – Adelboden,Švica,1367,1950,10,1.5,1.5,4,53
Klippitztörl,Avstrija,1460,1818,28,0,18,6,46
Marbach – Marbachegg,Švica,885,1474,7.4,0,5,5,44
Sarn (Heinzenberg),Švica,1300,2075,20,2,8,4,38
Planneralm – Donnersbach,Avstrija,1600,2000,16,2,2,6,56
Chiomonte Frais,Italija,1460,2090,19,1,6,4,25
Steckenberg – Unterammergau,Nemčija,840,1050,2.7,0,1,6,23
Bielmonte,Italija,1229,1621,20,2,10,7,42
Argentera,Italija,1630,2480,20,2,10,4,10
Bödele – Schwarzenberg,Avstrija,700,1467,25,4,9,12,44.90
Hochwang – Goldgruben,Švica,1544,2299,20,2,9,3,58
Piana di Vigezzo – Craveggia/Santa Maria Maggiore,Italija,1513,2064,6.2,0.9,1.8,4,35
Le Grand Puy,Francija,1280,1736,22,3,12,5,20
Méaudre,Francija,1012,1600,18,1,12,8,23.50
Rosswald – Brig,Švica,1820,2536,9,4,3,6,52
Spiazzi di Gromo,Italija,1156,1705,15,2,1,4,35
Monte Bianco – Courmayeur,Italija,1370,3466,nan,nan,nan,2,80
Sappada,Italija,1223,2000,14.5,2.3,4,9,44
Audibergue,Francija,1405,1657,29,1,16,6,18
La Fouly,Švica,1607,2172,15,5,6,4,49
Kellerjoch – Schwaz,Avstrija,1352,1887,14,2.1,9.5,5,44
Pian Munè – Paesana,Italija,1530,2060,16,2,7,4,23
Panarotta 2002 – Valsugana,Italija,1518,2002,18,6,6,5,30
Céüze 2000 – Gap,Francija,1550,2020,35,0,20,8,19
Aflenz Bürgeralm,Avstrija,810,1810,14,2,2,8,40
Krinnenalpe – Nesselwängle,Avstrija,1150,1671,13,1,5,6,43
Champex-Lac (Orsières),Švica,1468,2194,15,1.5,10.5,4,49
Serles – Mieders,Avstrija,960,1674,5.7,0,2.2,5,46
Autrans – La Sure,Francija,1050,1710,20,2,10,7,23.50
Ötscher – Lackenhof (Gaming),Avstrija,812,1426,15.5,3.6,5.3,7,Ni podatka
Breitenberg/Hochalpe – Pfronten,Nemčija,800,1675,7,0,0,5,34
Eischoll,Švica,1260,2200,15,0.5,10,4,52
Arolla,Švica,1984,2877,26.7,3,18.3,6,51
Wiriehorn,Švica,984,1868,11.2,0,4.8,6,58
Bivio,Švica,1769,2560,27,3,12,4,50
Amden – Arvenbüel/Mattstock,Švica,931,1684,17,0,5.5,6,40
Sattel – Hochstuckli,Švica,800,1491,3,0,2,6,37
Rogla,Slovenija,1050,1517,12,1.5,2,12,45
Saint-Michel-de-Chaillol,Francija,1450,2000,13,3,5,8,27.50
Gresse en Vercors,Francija,1245,1751,20,5,8,11,27
Tarscher Alm (Malga di Tarres) – Latsch (Laces),Italija,1184,2250,11,0,1,4,Ni podatka
Zahmer Kaiser – Walchsee,Avstrija,600,1200,13,0,11,3,35
La Grave – La Meije,Francija,1470,3534,3,0,3,3,62
Prali,Italija,1450,2510,9,3,2,4,30
Graukogel – Bad Gastein,Avstrija,1079,2007,11.9,2,3.5,3,51
Passo Rolle (Rolle Pass),Italija,1873,2216,15,3,5,6,67
Heidbodme – Saas-Almagell,Švica,1684,2347,15.4,0,6.9,7,58
Crêt-Béni/La Combe – La Chapelle d'Abondance,Francija,1020,1630,10,0,4,7,34
Unternberg (Ruhpolding),Nemčija,710,1417,2.5,0,1.5,3,32
Vichères (Liddes),Švica,1595,2267,15,3,7,4,49
Borno – Monte Altissimo,Italija,956,1694,12.8,3.1,0.5,6,34
Bagolino,Italija,1458,2092,15,2,3,6,Ni podatka
Monte Pora,Italija,1387,1880,14,0.6,4.8,7,44
Rothwald/Wasenalp (Simplon Pass),Švica,1750,2270,25,5,5,3,47
Recoaro Mille,Italija,1010,1630,8,2,3,4,27
Mittagbahn – Immenstadt,Nemčija,750,1416,9,2,1,2,30
Naggler Alm – Techendorf (Weissensee),Avstrija,930,1324,6,0,3.5,5,47.50
Elfer – Neustift,Avstrija,981,2080,2.5,0,0,3,46
Engstligenalp – Adelboden,Švica,1971,2353,17,4,7,8,Ni podatka
Arvieux,Francija,1550,2200,18,8,8,6,Ni podatka
Axalp ob Brienz,Švica,1422,1959,15,2.5,11,6,58
Feldis,Švica,1480,1996,10.3,2.5,0.3,4,41
Fageralm – Forstau,Avstrija,930,1885,14.2,0,9.3,7,67
Gerlosstein,Avstrija,929,1836,10,1,1,5,79
Wolzenalp – Krummenau,Švica,728,1464,12.2,3,0.2,6,40
Grüntenlifte – Kranzegg (Rettenberg),Nemčija,900,1700,16.8,0,2.1,8,32
Tschappina/Urmein (Heinzenberg),Švica,1580,2180,25,0,4,7,40
Brunni – Engelberg,Švica,1013,2075,8.5,1.9,3.7,10,49
Eckbauer – Garmisch-Partenkirchen,Nemčija,730,1230,3.6,0.6,0,3,42
Hochgrat (Oberstaufen),Nemčija,856,1708,nan,nan,nan,Ni podatka,41.30
Vigiljoch (Monte San Vigilio) – Lana,Italija,1486,1814,3.4,0,1.4,4,22
Reither Kogel – Reith im Alpbachtal,Avstrija,670,1280,4,0,0.6,5,68.50
Cogne – Gran Paradiso,Italija,1530,2267,8,1,2,4,36
La Sambuy – Seythenex,Francija,1150,1851,10,4,3,5,19.50
Aiguille du Midi (Chamonix),Francija,1035,3842,nan,nan,nan,5,71
Domobianca,Italija,1088,1845,7.5,2.1,2.1,6,40
Hauereck – St. Kathrein am Hauenstein,Avstrija,1000,1305,4.1,0,1.7,4,38.50
Crévoux,Francija,1600,2536,21.5,1.7,12.3,6,28
Lans en Vercors,Francija,1400,1807,24,2,13,12,25
Kope,Slovenija,1010,1542,10.5,4.8,2.1,8,39
Pischa (Davos Klosters),Švica,1800,2483,nan,nan,nan,Ni podatka,53
Wallberg – Rottach-Egern,Nemčija,790,1620,3.2,3.2,0,Ni podatka,Ni podatka
Monesi di Triora,Italija,1389,2164,9,0.2,4.8,2,16
Annaberg,Avstrija,896,1300,12.5,2,8,6,50.50
Garéssio 2000,Italija,1342,1578,12,0.6,7.2,4,28
Gréolières les Neiges,Francija,1400,1800,18.6,1.9,8.8,9,27
Pescegallo – Valgerola,Italija,1450,2000,9.6,3,4.6,4,33
Alpe Teglio – Prato Valentino,Italija,1690,2340,9,0,3,2,29
Monte Baldo – Malcesine/Prà Alpesina,Italija,1446,1837,10,2,2,6,Ni podatka
Kampenwand – Aschau im Chiemgau,Nemčija,626,1475,5,0,0,4,32
Furkel – Trafoi (Stilfs),Italija,1530,2400,8.3,1,4.3,4,46
Heutal – Unken,Avstrija,970,1531,11,0,6,4,37
Burglift – Stans,Avstrija,560,690,0.5,0,0.5,3,30
Les Planards,Francija,1062,1249,2.5,0,1.5,4,30.20
Jenner – Schönau am Königssee,Nemčija,1530,1800,nan,nan,nan,3,43
St. Gréé,Italija,1052,1740,8.8,1.6,4,2,24
Chamois,Italija,1812,2499,8,0,1,6,30
San Simone (Brembo Ski),Italija,1668,2100,10.5,3.5,2,6,28
Hirnkopf – Flattnitz (Glödnitz),Avstrija,1400,1840,11.3,4.3,5.5,5,24
Brusson – Estoul,Italija,1736,2234,10,0,3,4,31
Schwanden – Sigriswil,Švica,1070,1460,20,3,11,3,34
Grimmialp,Švica,1233,1833,7.2,2.8,3,3,45
Ebenalp-Horn – Wasserauen/Schwende,Švica,848,1720,10,1.5,1,7,40
Pontechianale,Italija,1623,2654,7.5,0,1.5,5,25
Kranzberg – Mittenwald,Nemčija,980,1350,15,2,6,10,32
Lurisia – Monte Pigna,Italija,814,1734,17,2,4,5,28
Niedere – Andelsbuch/Bezau,Avstrija,655,1715,3.9,0.4,2.5,4,36
Alpe Devero – Baceno,Italija,1640,2240,8,1,2,3,30
Faschina (Fontanella),Avstrija,1450,1980,6.8,0,5.5,7,54.50
Kiental,Švica,926,1490,7,0,2,3,37
Golte,Slovenija,1150,1570,8.5,0.7,2.9,7,39
Sonntag-Stein,Avstrija,1300,1750,7,0,4,3,48
Wendelstein – Brannenburg/Osterhofen,Nemčija,791,1723,11.2,4.2,0,4,47
Herzogstand – Walchensee,Nemčija,809,1634,6,1,0.8,2,22
Passy Plaine Joux,Francija,1340,1740,12,0,8,7,25
Unterberg,Avstrija,710,1324,16,0,11,5,36.50
Ala di Stura,Italija,1000,1890,5.4,0.7,1.7,4,Ni podatka
Jeizinen Feselalp – Gampel/Steg,Švica,1519,2193,8,0,6,6,55
Schatzalp – Strela,Švica,1609,2352,7.8,0,6.1,4,46
Gaaler Lifte – Gaal,Avstrija,860,1230,8,0.5,3.5,3,45
Zinkenlifte – Dürrnberg (Hallein),Avstrija,837,1321,8,0.5,2,3,36.20
Biel-Kinzig – Bürglen,Švica,1630,1930,7,0,2.5,5,42
Colle di Joux,Italija,1610,1957,8,1.5,4,2,Ni podatka
Tirolina (Haltjochlift) – Hinterthiersee,Avstrija,852,1077,4,0.8,2,2,25
Trins,Avstrija,1189,1268,1,0,1,Ni podatka,19
Bichlalm,Avstrija,904,1597,3.6,0,3.6,Ni podatka,44
Koralpe,Avstrija,1650,2070,18,2,7,5,41.50
Chanavey,Italija,1723,2131,6,2,1,Ni podatka,23
Velika Planina,Slovenija,1412,1666,3,0.8,0.3,4,29
Niederalpl – Mürzsteg (Neuberg an der Mürz),Avstrija,1220,1460,12,0,4,6,48
La Féclaz,Francija,1326,1525,10.5,1.5,6,5,25
Rüschegg-Eywald – Lischboden,Švica,1050,1550,13,1,8,2,40
Espace Super Saint-Bernard – Bourg-St-Pierre,Švica,1950,2800,25,12,3,3,40
Mottarone,Italija,1305,1491,17.9,1.1,5.6,6,34
Mörlialp – Giswil,Švica,1355,1837,12,2,2.8,8,48
Brunnalm/Hohe Veitsch – Veitsch (St. Barbara im Mürztal),Avstrija,1064,1450,10.5,2,5,6,45
Niederhorn – Beatenberg,Švica,1127,1945,5,0,2,3,46
Le Revard,Francija,1294,1562,8.1,1.1,5,5,25
Weinebene – Frantschach-Sankt Gertraud,Avstrija,1580,1886,18,0,8,8,37.50
Alpe del Nevegal,Italija,1041,1614,5.5,0.5,1,5,39
Eggberge – Altdorf,Švica,1460,1740,8,0,4,2,34
Schneeberg,Avstrija,780,1210,3.8,0,1,5,32.50
Kötschach-Mauthen – Vorhegg,Avstrija,710,1300,6,0,4,4,40
Castelrotto (Kastelruth),Italija,1092,1154,0.5,0,0.5,3,Ni podatka
Languard – Pontresina,Švica,1830,1920,1,0,1,5,37
Rieseralm – Obdach,Avstrija,1320,1620,13,2,5,6,39
Fideriser Heuberge – Arflina,Švica,1952,2356,15,1,5,4,49
Laber – Oberammergau,Nemčija,900,1684,4,4,0,Ni podatka,32.50
Königsberg – Hollenstein an der Ybbs,Avstrija,700,1057,14,2,7,6,32
Soriška Planina,Slovenija,1290,1549,7,1,2,5,28
Piazzatorre,Italija,1110,1780,4.2,0.7,1.5,2,27
Schwefelberg – Badmatte/Louigrat,Švica,1386,1704,15,2,5,Ni podatka,30
Oropa – Biella,Italija,1206,2388,6,0,0,2,Ni podatka
Valgrisenche,Italija,1664,2050,5,2,1.5,2,21
Hochhäderich – Hittisau,Avstrija,1250,1600,10.5,2,3.5,5,45
Aillon-le-Jeune,Francija,945,1257,8,0,1.5,5,Ni podatka
Simonhöhe – St. Urban,Avstrija,1042,1340,15,0,8,7,45
Cordon,Francija,1050,1600,11,0,4,7,25
Col de l'Arzelier,Francija,1154,1300,6,1,3,5,15
Atzmännig – Goldingen,Švica,821,1198,8,0,3,5,37
Španov vrh,Slovenija,981,1361,5,0,3,Ni podatka,25
Rigi – Scheidegg/Burggeist,Švica,1012,1656,5,0,5,5,Ni podatka
Malga San Giorgio,Italija,1495,1806,5,0.6,0.6,2,23
Entracque,Italija,944,1109,5,1,3,3,28
Schneeberglifte – Mitterland (Thiersee),Avstrija,800,1000,3,0.1,0.8,4,25
Stinesser Lifte – Fischen i. Allgäu,Nemčija,761,891,1,0,0.6,2,24
Archenstadel – Rinn,Avstrija,918,1004,1,0,1,Ni podatka,23
Mont Serein/Mont Ventoux Nord,Francija,1400,1800,12,1.5,4.5,7,26
Rigi,Švica,1315,1752,9,0,4.5,7,83
Font d'Urle – Chaud Clapier,Francija,1279,1572,12,0.5,3,11,26
Gitschenen – Isenthal,Švica,1353,1570,5,0,3,2,34
Laye,Francija,1300,1850,10,1,4,5,23.40
Hohentauern,Avstrija,1241,1734,11,1,3,6,46.50
Les Paccots/Châtel-St-Denis – Corbetta,Švica,1065,1593,9,2,5,11,41
Buchenberg – Buching (Halblech),Nemčija,800,1141,5,0,5,Ni podatka,27
Valbella – Gallio,Italija,1100,1311,11.2,0.7,8,6,Ni podatka
Säntis – Schwägalp,Švica,1351,2473,nan,nan,nan,Ni podatka,Ni podatka
Saint Hilaire du Touvet,Francija,818,1415,5.7,0,3.2,6,16
Usséglio – Pian Benot,Italija,1618,2040,5.4,2.1,0.6,5,28
Salzstiegl – Hirschegg,Avstrija,1320,1740,12,2,6,7,46
Gspon (Staldenried),Švica,1865,2193,5,0,1.5,4,44
Ratzi – Spiringen,Švica,950,1840,3.6,0,2,2,38
Heidialm Skipark – Falkert,Avstrija,1840,2107,11,0,3,3,37
Avers,Švica,1988,2539,8,4,2,3,37
Pradel – Molveno,Italija,1370,1530,0.7,0,0.7,2,30
Les Pléiades,Švica,1080,1360,8,0,4,7,39
Misurina – Passo Tre Croci,Italija,1752,2114,4.2,0.5,0.8,2,49
Selital – Schwarzenbühl,Švica,1299,1606,10.1,1.1,4.7,3,42
Rein in Taufers (Riva di Tures),Italija,1583,1835,4,0,2,2,33
Buron – Wertach,Nemčija,890,1418,7.7,1,4.4,3,22
Serre-Eyraud (Orcières),Francija,1480,2100,7.4,1,3.2,3,18
Schwabenbergarena – Turnau,Avstrija,800,1250,10,1,3,4,43
Dammkar – Mittenwald,Nemčija,933,2244,nan,nan,nan,Ni podatka,44.90
Untersberg – Grödig,Avstrija,469,1776,nan,nan,nan,Ni podatka,Ni podatka
Hirschberglifte – Kreuth,Nemčija,778,1191,2.4,0.8,0.8,6,24
Le Chazelet,Francija,1740,2170,6,0,3,7,21
Neusell – Rothenthurm-Biberegg,Švica,954,1329,10,1.5,3.5,3,31
Bumbach (Schangnau),Švica,920,1365,10,1,6,4,37
Adelharz- and Breitensteinlifts – Kranzegg (Rettenberg),Nemčija,979,1320,9.5,0,5.5,4,22
Katzenkopf – Leutasch,Avstrija,1140,1363,3.2,0.5,1.8,2,41
Alpe Cialma – Locana,Italija,1350,1750,4,0,1,3,20
Kaberlaba,Italija,992,1142,5.6,0,3.6,6,34
Habkern – Sattelegg,Švica,1100,1485,8,2,2,2,39
Hochkeil am Hochkönig,Avstrija,1340,1770,8,2,3,5,54.50
Bannalp – Oberrickenbach,Švica,1663,1793,3,0,2.5,3,36
Aeschiried,Švica,927,1389,9.5,0,6.5,3,37
Tegelberg – Schwangau,Nemčija,830,1730,1.9,0,1.9,5,33
Kerenzerberg – Filzbach,Švica,746,1283,nan,nan,nan,Ni podatka,37
Reiserhang – Gaißach,Nemčija,722,860,1,0,0.5,2,22
Emberger Alm – Berg im Drautal,Avstrija,1650,2120,7,0.5,3,4,42
Gaberl/Plankogel – Salla (Maria Lankowitz),Avstrija,1303,1551,6.9,0.4,3.8,3,36
Val Formazza,Italija,1298,1772,3,0,1.5,3,23
Val Formica – Cima Larici,Italija,1645,1767,4,0,3,4,28
Mont Saxonnex,Francija,1050,1574,6.8,0.5,4.3,6,15
Pian delle Betulle – Margno,Italija,1550,1801,2.6,0.4,0.2,3,25
Fanas,Švica,900,1700,0.5,0,0.5,2,Ni podatka
Stoderzinken – Gröbming,Avstrija,1700,1975,8,1,4,4,Ni podatka
Rossfeld – Berchtesgaden-Oberau,Nemčija,1300,1554,8,0,7,4,28
Raggal,Avstrija,980,1300,7,0,4.2,4,25.50
Rathvel – Châtel-St-Denis,Švica,1211,1491,8,0,5,4,32
Hochschwarzeck – Ramsau bei Berchtesgaden,Nemčija,1020,1390,4.2,0,4.2,4,29
Schilt – Mollis,Švica,1100,1602,6,0,3,2,35
Mont Ventoux Sud,Francija,1440,1650,7,0,6,2,Ni podatka
Rossberg – Oberwil,Švica,1148,1464,7,0,3.2,2,39
Pany (Luzein),Švica,1330,1565,7,0,3.5,2,34
Spieserlifte – Unterjoch,Nemčija,1055,1350,7.3,0,3.3,4,33
Sollegg – Appenzell,Švica,813,1204,7,0,5,2,29
Seeberg – Seewiesen (Turnau),Avstrija,1158,1399,6,1,3,2,34
Mendelpass – Monte Roen,Italija,1368,1594,2,0,0.2,2,28
Blomberg – Bad Tölz/Wackersberg,Nemčija,703,1236,nan,nan,nan,Ni podatka,32
Kramsach,Avstrija,575,650,0.4,0,0.4,2,25
Jaunpass – Boltigen,Švica,1406,1608,6,1,3.8,4,39
Seebodenalp – Küssnacht,Švica,1036,1225,2.5,0,2,3,16
Trije Kralji,Slovenija,1200,1347,2.8,0,1.4,2,35
Gurtis/Bazora,Avstrija,920,1390,5,1,2,4,24
Springenboden,Švica,1207,1525,6,0.5,1.5,3,30
La Forclaz,Švica,1730,2200,5.3,1.7,1.6,4,30
Col de Porte,Francija,1200,1760,5,0,3,5,16.50
Hoislifts – Modriach (Edelschrott),Avstrija,1000,1230,6,0,5,4,25
St. Pierre de Chartreuse – Le Planolet,Francija,900,1800,5,0,2,5,15
Ruffrè – Monte Nock,Italija,1218,1342,1,0.5,0,Ni podatka,32
Vauplane – Soleilhas,Francija,1597,1809,6,0.5,4.5,4,Ni podatka
Silvretta Bielerhöhe – Partenen,Avstrija,1910,2030,2,0,2,2,51.50
Col d'Ornon,Francija,1350,2000,4.5,1.4,1.6,4,13
Brüsti – Attinghausen,Švica,1428,1601,1.5,0,0.1,4,34
Gantrisch Gurnigel,Švica,1340,1590,6,0,4,3,44
Macesnovc Rateče,Slovenija,866,1182,1.5,0,0.2,2,Ni podatka
Teichalm – Fladnitz,Avstrija,1200,1450,5.6,0.6,1.5,5,31
Eriz,Švica,1044,1378,6,0,4,6,36
Passo Fedaia – Pian dei Fiacconi (Marmolada),Italija,2080,2650,5.5,0,0,Ni podatka,59
Conca dell'Alben,Italija,1345,1420,1,0,0,Ni podatka,Ni podatka
Payel di Valsavarenche – Dégioz,Italija,1540,1681,1.7,0,1.7,Ni podatka,Ni podatka
Schnifisberg – Schnifis,Avstrija,674,1328,nan,nan,nan,Ni podatka,Ni podatka
La Jarjatte – Lus-la-Croix-Haute,Francija,1160,1521,6,0,6,6,17
Straža – Bled,Slovenija,503,634,1.3,0,1,3,17
Paluda – Dalaas,Avstrija,850,1150,4.7,1.2,2,Ni podatka,15
Maseben – Langtaufers (Vallelunga),Italija,1858,2266,5.8,0,2.9,Ni podatka,12
Hochbärneck – St. Anton an der Jeßnitz,Avstrija,880,1040,5,0,3,2,22.50
Hochwechsellifts – Mönichwald,Avstrija,996,1266,5,0,2.5,4,32
Steg im Tösstal,Švica,700,1000,5,0,3,2,32
Buchberg – Goldegg,Avstrija,832,1225,5,0,4,3,49
Wirzweli – Dallenwil,Švica,1215,1350,1,0,1,3,33
Le Reposoir – Village,Francija,1030,1132,5,0,4,4,15
Weissbriach (Gitschtal),Avstrija,820,1150,5,0,1,4,40
Monte Avena,Italija,1216,1447,5.3,0,2.7,3,Ni podatka
Hochlecken – Neukirchen (Altmünster),Avstrija,784,1079,4,1,2,5,21
Prato (Leventina),Švica,1045,1270,4,1,1,2,22
Monte Purito – Selvino,Italija,946,1111,1.1,0,0.1,3,20
Kolbensattel – Oberammergau,Nemčija,860,1276,1.8,0,1.2,6,23
Maiszinken – Lunz am See,Avstrija,760,1070,4.5,0.5,2,3,24
Presolana,Italija,1194,1368,1,0,0.4,3,32
Pian Neiretto,Italija,1300,1600,4,1.2,0.8,2,20
Haldigrat,Švica,1230,1937,nan,nan,nan,Ni podatka,Ni podatka
Romme – Nancy-sur-Cluses,Francija,920,1558,3,0.3,1.3,4,15
Heiden – Bischofsberg,Švica,810,940,5,0,4,2,30
Feldthurns (Velturno),Italija,1050,1165,1.5,0,1,Ni podatka,19
Rabenkopf – Oberau,Nemčija,682,760,0.5,0,0.5,Ni podatka,17
Biancoia – Conco,Italija,1090,1254,4.9,0,4.4,4,29
Tenna,Švica,1660,1780,4.5,0,3.5,Ni podatka,32
Schuttannen – Hohenems,Avstrija,1150,1320,4,0,2,2,15
Fischenthal-Aurüti – Oberegg,Švica,827,1052,4,0.8,1.7,2,31
Park kralja Matjaža – Črna na Koroškem,Slovenija,575,789,3,1,1,Ni podatka,21
Vorderthal – Skilift Wägital,Švica,750,1260,3,0,2,Ni podatka,Ni podatka
Bolbeno,Italija,573,663,0.5,0,0.5,2,Ni podatka
Prags (Braies),Italija,1428,1655,4.2,0,1,2,Ni podatka
Crissolo – Monviso,Italija,1333,1800,0.2,0,0.2,2,Ni podatka
Le Sappey en Chartreuse,Francija,960,1350,4,0,1.5,4,13
Tanzboden – Ebnat-Kappel,Švica,865,1181,3.5,0,2,2,34
Pian Cales – San Bernardino,Švica,1625,1791,4.5,0,2.9,4,27
Tonnerhütte – Mühlen,Avstrija,1640,1820,4,0,3,2,29
Alpsteinblick – Gonten,Švica,890,1142,4,0,3,3,29
Piani di Artavaggio – Moggio,Italija,1625,1644,0.5,0,0.5,5,30
St. Oswald (Kartitsch),Avstrija,1356,1820,4,0,1,3,41
Oberholz – Farner,Švica,852,1155,4,0,3,3,34
Hohwald – Beatenberg-Waldegg,Švica,1291,1605,4,0,2,3,34
St. Jakob im Walde,Avstrija,1000,1200,4,0,1,4,32
Les Rafforts – Héry sur Ugine,Francija,912,1224,3,1,1,2,Ni podatka
Aiguilles,Francija,1450,1619,3,0.5,2,3,21.30
Val Pelens,Francija,1600,1737,4,0,4,2,15
Dent de Jaman – Montreux,Švica,1354,1738,3,0,0,2,39
Ottenleue – Sangernboden,Švica,1450,1600,3.6,0.8,1.7,Ni podatka,28
Heiligkreuz-First – Hasle,Švica,1133,1468,4,0,2,2,27
Kluglifte Hebalm – Rettenbach (Deutschlandsberg),Avstrija,1350,1450,4,0,3,3,30
Eibisberg – Anger,Avstrija,963,1168,3.1,0.6,1.5,Ni podatka,Ni podatka
Niederthai (Umhausen),Avstrija,1532,1670,4,0,2,4,36
Aela – Maloja,Švica,1801,2136,3,1,0.5,2,37
Zugerberg,Švica,925,940,0.2,0,0.2,3,5
Tockneralmlift Krakauebene – Krakauhintermühlen (Krakau),Avstrija,1220,1450,3,0,1,2,26
Rencurel,Francija,1050,1233,3.1,0,2.5,3,10.40
Almblicklifts – Strallegg,Avstrija,699,994,3,0,2,4,32
Plainpalais,Francija,1165,1448,3,0,1.7,Ni podatka,25
Turmkogel – Puchenstuben,Avstrija,905,1138,3,0,0.4,3,24
Le Désert d'Entremont,Francija,1200,1400,3.5,0.5,2,3,14
Mastrils,Švica,720,940,3,0,2,Ni podatka,19
Prägraten am Großvenediger,Avstrija,1312,1440,2,0.5,1,2,30
Rucas di Bagnolo,Italija,1480,1780,3.6,0,0.9,2,21
Col de Marcieu – Saint Bernard du Touvet,Francija,993,1350,3.2,0,2,3,16
Col de Turini/Camp d'Argent,Francija,1740,1920,3,0,2,3,13
St. Martin im Tennengebirge,Avstrija,955,1210,3,0,1,2,33
Eggiwil – Netschbühl,Švica,720,1020,3,0,2.5,Ni podatka,29
Gfellen – Entlebuch-Finsterwald,Švica,1025,1295,4.5,0,4.5,2,27
St. Antönien,Švica,1405,1656,3,0,2,2,Ni podatka
Rotecklift – Tobadill,Avstrija,1136,1307,3,0,2,Ni podatka,Ni podatka
Halblech,Nemčija,823,1043,3,0,2,Ni podatka,Ni podatka
Hochlitten – Riefensberg,Avstrija,1000,1200,3,0,1,4,38.50
Embach – Hörndl,Avstrija,1012,1296,3,0,2,2,31
Obersalzberg,Nemčija,795,945,3,0,2,5,25
Rienz – Toblach (Dobbiaco),Italija,1200,1410,3.9,0,1.4,3,52
Hinterreit,Avstrija,780,1200,3.7,0,2.7,3,44.50
Furtnerlifts – Rohr im Gebirge,Avstrija,800,927,3.9,0.9,1.5,3,Ni podatka
Bessans,Francija,1706,1842,3,0,3,2,12.50
Sauris di Sopra,Italija,1244,1420,2,1,0.1,2,44
Schmolllifte – Steinhaus am Semmering,Avstrija,840,1020,2,0.3,1.2,2,25
La Chia – Bulle,Švica,998,1309,3,0,3,Ni podatka,21
Obdach,Avstrija,899,1193,2.5,1.1,0.3,Ni podatka,30
Homberg,Švica,940,1093,3,0,3,Ni podatka,21
Gröllerkopf – Übersaxen,Avstrija,1000,1200,3,0,1.5,2,28
Oberegg – Skilift St. Anton,Švica,855,1110,3.5,0,3.5,Ni podatka,30
Mutten,Švica,1724,1863,3,0,3,Ni podatka,24
Münster-Geschinen,Švica,1363,1645,3,0,3,2,29
Spechtenseelift – Pürgg (Stainach-Pürgg),Avstrija,1100,1260,2.3,0.2,1.3,Ni podatka,26
Ribniška koča – Ribniško Pohorje,Slovenija,1368,1525,2.3,0.5,1.3,2,29
Predaia-Coredo,Italija,1250,1400,2,0.2,1,Ni podatka,32
Ribnica na Pohorju – Ribniško Pohorje,Slovenija,715,921,2.2,0.5,0.6,3,29
Palot (Pisogne),Italija,1060,1350,3,0,3,2,29
Degersheim – Fuchsacker,Švica,815,1034,3,0,3,3,34
Alberschwende – Brüggelekopf,Avstrija,720,1200,2.5,0,1,2,29
Lauenen,Švica,1240,1400,2.5,0,1.3,Ni podatka,39
Col du Granier,Francija,990,1399,2.5,0,1,4,11
Holzmeisterlifts Sommeralm,Avstrija,1240,1400,2.6,0,2,2,31
Kaiserau – Admont,Avstrija,1130,1370,2.5,0,1.6,5,36
Les Signaraux – La Motte d'Aveillans,Francija,1290,1430,2,0,0.5,Ni podatka,6
Les Giettes – Monthey,Švica,1280,1700,1.7,0,1,2,Ni podatka
Névache,Francija,1585,1707,2,0,1,2,Ni podatka
La Stass' – St. Pierre de Chartreuse,Francija,1350,1650,2.6,0,2,5,Ni podatka
Wildentallift,Avstrija,1120,1240,2,0,1.3,Ni podatka,Ni podatka
Le Tourchet,Francija,1007,1069,0.6,0,0.6,2,30
Rankenlift,Nemčija,1076,1247,2.5,0,1.5,2,14
Kessellifts – Inzell,Nemčija,715,810,2.2,0,1.2,3,19
Alpe Furx – Furx (Zwischenwasser),Avstrija,970,1200,2.5,0,2,3,22
Krähenberg – Sibratsgfäll,Avstrija,900,1100,2,0,1,2,Ni podatka
Val d'Oronaye – Larche,Francija,1700,1900,2,0,1,4,Ni podatka
Flensa – Seewis,Švica,1015,1185,2,0,2,Ni podatka,21
Gföllberglift – Holzgau,Avstrija,1108,1329,2.5,0,1.5,2,31
Lärchenhof – Erpfendorf,Avstrija,684,823,2,0,2,2,32
Hochwacht – Mosnang,Švica,720,835,1.8,0.4,0.8,Ni podatka,19
Grub-Kaien,Švica,845,1065,2,0,2,Ni podatka,32
Hahnbaum – St. Johann im Pongau,Avstrija,673,885,2.5,0,2.5,2,28
Druni KidsArena – Valtgeva,Švica,1447,1538,2,0,2,3,29
Riepenlift – Antholz-Mittertal (Anterselva di Mezzo),Italija,1127,1489,2,0,2,Ni podatka,35
Wenigzell,Avstrija,940,1120,2,0,2,3,30.50
Oberiberg,Švica,1080,1355,2.2,0,2.2,4,30
Skizentrum Pfronten,Nemčija,850,1232,2.8,0,0.6,6,32
Campo Blenio,Švica,1207,1578,2,0,2,3,34
Wexl Arena – St. Corona am Wechsel,Avstrija,840,1039,2,0,2,5,34
Heumöser – Ebnit (Dornbirn),Avstrija,1027,1205,2.5,0,2.5,2,24.60
Sonnenhanglifte – Unterjoch,Nemčija,1052,1167,2,0,1.4,2,19
Tèct/Zinols – Bergün,Švica,1371,1540,2,0,2,2,38
Karlift – Heiterwang,Avstrija,1050,1233,2,0,2,Ni podatka,28
Arabichl – Kirchberg am Wechsel,Avstrija,1350,1593,2,0,2,Ni podatka,Ni podatka
Gaugen – Greifenburg,Avstrija,1713,2000,2,0,0,Ni podatka,Ni podatka
Andolla Ski – Alpe Cheggio,Italija,1468,1553,2,0,2,Ni podatka,Ni podatka
Nagelköpfl – Piesendorf,Avstrija,785,900,2,0,0.5,3,24.20
Faltschen – Reichenbach,Švica,1032,1359,2.2,0,2.2,2,34
Le Reposoir/Châlet Neuf,Francija,1300,1600,2,0,2,2,15
La Poya – Vallorcine,Francija,1350,1550,2,0,1,4,20
Linden – Schindelberg,Švica,920,1088,2.2,0,2.2,3,35
Zlaim – Grundlsee,Avstrija,770,896,2,0,2,2,20
Nollen – Unterägeri,Švica,765,1046,2,0,2,2,21
Smučišče Kotlje,Slovenija,495,558,1,0,0.7,2,16
Chiapili di Sotto – Ceresole Reale,Italija,1673,1747,1,0,0.7,Ni podatka,15
Friherrenberg – Einsiedeln,Švica,918,1113,2,0,2,2,29
Pichl (Gsies),Italija,1229,1397,1.2,0.4,0.8,Ni podatka,27
Pirstingerkogellift Sommeralm,Avstrija,1290,1375,1.5,0,0.5,2,27
Forsteralm,Avstrija,680,825,2.8,0,2.8,3,28
Le Grand Plan – Col du Barioz,Francija,1365,1700,1.3,0.5,0.8,3,10
Grünberg – Obsteig,Avstrija,1030,1102,1.3,0,1,5,25
Brunni – Alpthal,Švica,1100,1200,1.3,0,1.1,Ni podatka,30
Roggenboden,Avstrija,955,1000,1.2,0,0.6,2,37.50
Les Égaux,Francija,951,1080,1.5,0,1,4,15.50
Petersbründl – St. Michael im Lungau,Avstrija,1050,1240,1,0,0.5,Ni podatka,24
Heiti – Gsteig bei Gstaad,Švica,1227,1370,1.3,0,0.7,Ni podatka,89
St. Hemma – Edelschrott,Avstrija,1007,1135,1.8,0,0.9,Ni podatka,20
Lammertallift,Avstrija,980,1100,1.4,0,0.7,Ni podatka,28.50
Schönfeld – Thomatal,Avstrija,1740,2100,1.8,0,1,2,32
Schneiderkopf – Buch,Avstrija,725,900,1.5,0,1,2,Ni podatka
Colle de Lys,Italija,1320,1410,1,0,0.2,Ni podatka,Ni podatka
Lana Lift – Anras,Avstrija,1260,1360,1,0,0.5,Ni podatka,Ni podatka
Viševnik na Pokljuki,Slovenija,1370,1575,1.1,0,0.5,2,Ni podatka
Monte Corno – Lusiana,Italija,1260,1400,1.2,0,0.7,Ni podatka,Ni podatka
Krpin – Begunje,Slovenija,600,720,1,0,0.5,Ni podatka,Ni podatka
Sonnenbichl – Bad Wiessee,Nemčija,832,1026,1.4,0.4,0,2,Ni podatka
Nussbaumerlifte – Hof bei Salzburg,Avstrija,756,895,1,0,0.2,2,Ni podatka
Falken,Nemčija,1443,1580,1.1,0,0.6,Ni podatka,Ni podatka
Monte Poieto – Aviatico,Italija,1197,1375,1.7,0,1.1,2,Ni podatka
Steinberg am Rofan,Avstrija,1050,1250,1,0,0.3,3,31
Bodental – Unterbergen (Ferlach),Avstrija,1010,1155,1,0,0.5,4,31
Sachrang,Nemčija,731,823,3,0,3,7,19
Hittisberg – Hittisau,Avstrija,800,1000,1.9,0,1,2,22
Jachenau – Mühle,Nemčija,776,867,1,0,1,Ni podatka,12
Sattelegg – Vorderthal/Einsiedeln-Willerzell,Švica,1180,1220,1,0,1,Ni podatka,21
Lüina – Airolo,Švica,1180,1250,1,0,1,2,23
Funes (Villnöss),Italija,1252,1498,1.1,0,1.1,Ni podatka,25
Hemberg,Švica,900,1193,1.5,0,1.5,2,29
Lessach,Avstrija,1210,1410,1,0,1,Ni podatka,24
Mathon,Avstrija,1450,1490,1,0,1,Ni podatka,24.50
Nocksteinlifte – Koppl,Avstrija,694,795,1,0,1,2,16
Zederhaus,Avstrija,1256,1390,1,0,1,Ni podatka,10
Vögelinsegg – Speicher,Švica,970,1030,1,0,1,Ni podatka,32
Griminitzen (Kirchbach),Avstrija,390,460,1,0,1,Ni podatka,14
Thalgauberg – Thalgau,Avstrija,770,900,1,0,1,Ni podatka,16
La Lorette – Bourg-Saint-Pierre,Švica,1550,1600,1,0,1,Ni podatka,16
Ötzlifte (Rabenkopf) – Kochel am See,Nemčija,650,860,1.6,0,1.2,3,25
Müsella – La Punt,Švica,1698,1787,1,0,1,2,37
St. Magdalena (Gsies/Valle di Casies),Italija,1444,1679,1.5,0,1.5,Ni podatka,28
Oberau (Wildschönau),Avstrija,930,995,1,0,1,2,37.50
Bacherleitn – Weißenbach bei Liezen,Avstrija,663,781,1.1,0,0,Ni podatka,21
Montmin,Francija,1110,1195,1.5,0,1.5,2,12
Mogno,Švica,1150,1275,1.5,0,1.2,2,17
Hapfere – Plaffeien,Švica,850,935,1,0,1,Ni podatka,21
Téléconthey – Mayens de Conthey,Švica,1281,1439,1,0,1,Ni podatka,21
Le Col du Feu – Lullin,Francija,1085,1175,1,0,1,Ni podatka,10
La Baitina,Italija,830,909,1,0,1,2,17
Ollomont,Italija,1381,1474,1,0,1,2,17
Kleinlobming,Avstrija,764,1000,1,0,0.2,2,30.50
Chuderhüsi – Röthenbach,Švica,1018,1091,1,0,1,Ni podatka,25
Grunholzlift – Au,Avstrija,835,951,1,0,1,2,33
Hätzingen – Loh,Švica,615,701,1,0,1,Ni podatka,15
Péra – Trun,Švica,920,1040,1.2,0,1.2,Ni podatka,25
Birkenlift/Geigenbühel,Avstrija,1167,1217,1.5,0,1.5,8,37
Dreieck – Glarus,Švica,513,682,1,0,1,Ni podatka,19
Hüttegglift – Weerberg,Avstrija,1250,1500,1.5,0,1.5,2,25
Knittellifte – Elbigenalp,Avstrija,1050,1220,2,0,1.5,3,28
Buchserberg-Malbun – Buchs,Švica,1379,1485,1.2,0,1.2,Ni podatka,19
Passo Forcora – Monte Cadrigna,Italija,1179,1304,1,0,1,Ni podatka,20
Schwellbrunn,Švica,1022,1084,1,0,1,Ni podatka,30
Gasse – Ridnaun,Italija,1386,1484,1.1,0,1.1,Ni podatka,18
Tristeli – St. Margrethenberg,Švica,1195,1447,1,0,1,Ni podatka,30
Poseka – Ravne na Koroškem,Slovenija,432,587,1.7,0,0,Ni podatka,17.50
Raunigwiese – Kolbnitz (Reisseck),Avstrija,626,703,1,0,1,Ni podatka,Ni podatka
Druckerhof – Unterach am Attersee,Avstrija,655,780,1,0,1,Ni podatka,Ni podatka
Ristolas,Francija,1600,1648,1,0,1,2,Ni podatka
Johnsbach (Admont),Avstrija,870,1005,1.2,0,1.2,Ni podatka,Ni podatka
Reithlift – Schwangau,Nemčija,830,950,1.1,0,0,Ni podatka,Ni podatka
Gais,Švica,937,1025,1,0,1,Ni podatka,Ni podatka
Neukirchen am Teisenberg (Teisendorf),Nemčija,710,830,1,0,1,Ni podatka,Ni podatka
Buchsteinlift – Reiflingviertel (St. Gallen),Avstrija,530,600,1,0,0,Ni podatka,Ni podatka
Wiesenhofer – Miesenbach bei Birkfeld,Avstrija,800,900,1,0,1,Ni podatka,Ni podatka
Malga Varena – Passo Lavazè,Italija,1769,1840,1.5,0,1.5,Ni podatka,Ni podatka
Senožeta,Slovenija,570,690,1.2,0,0.6,2,Ni podatka
Compedal – Assling,Avstrija,1312,1677,1.4,0,0,Ni podatka,Ni podatka
Heimenschwand – Buchholterberg,Švica,1005,1183,1,0,1,Ni podatka,Ni podatka
Birgitz,Avstrija,875,940,1,0,1,Ni podatka,Ni podatka
Montagne de Lure,Francija,1545,1650,1.1,0,1.1,2,Ni podatka
Parc de loisirs de l'Aigle – Lans en Vercors,Francija,1020,1087,1,0,1,2,Ni podatka
Tschardund – Nenzing,Avstrija,822,980,1.2,0,1.2,Ni podatka,Ni podatka
Lechnerberg,Avstrija,770,835,1.5,0,1.5,2,Ni podatka
Konradshüttle – Vils,Avstrija,922,1102,1,0,1,Ni podatka,Ni podatka
Oberwaldlifte – Faistenau,Avstrija,790,875,1.1,0,0.8,2,14
Kirchdorf,Avstrija,650,700,1,0,1,3,24.50
Urnäsch – Osteregg,Švica,850,1080,1.7,0,1.7,2,31
Survih – Samedan,Švica,1760,1912,1.5,0,1.5,3,41
Kolsassberg,Avstrija,750,810,1.5,0,1.5,2,24
Hochplett – Oberaschau,Avstrija,650,759,1.4,0,1.4,3,Ni podatka
Selfranga – Klosters,Švica,1186,1354,1.2,0,1.2,2,32
Feistritzsattel – Trattenbach,Avstrija,1100,1300,1.7,0,0,2,21
Schmiedhornlift – Wald (Faistenau),Avstrija,800,986,0.8,0.2,0.6,2,12
Ghöch,Švica,1000,1060,1,0,0.8,2,23
Pusterwald,Avstrija,1080,1212,0.5,0,0.3,Ni podatka,15
Bukovnik,Slovenija,500,625,0.6,0.1,0.2,2,12
Ellegglifte – Faistenoy (Oy-Mittelberg),Nemčija,937,999,1.1,0,1.1,2,15
Reckingen-Gluringen,Švica,1333,1445,1.2,0,1.2,2,29
Weissenbach (Alpinwellt),Italija,1372,1433,0.7,0,0.4,Ni podatka,24
Niedernsill,Avstrija,817,969,1,0,1,2,15
Wasen im Emmental,Švica,840,910,1,0,1,2,23
Planberg- and Wiesenlifte – Pertisau,Avstrija,946,1037,1,0,0.4,4,20
Schwannerlift – Weerberg,Avstrija,900,1000,1,0,1,2,Ni podatka
Baienberg – Reuthe,Avstrija,650,810,0.7,0.4,0,Ni podatka,Ni podatka
Siebenseelift – Wildalpen,Avstrija,670,840,1.5,0,1.5,2,Ni podatka
Pokljuka – Goreljek,Slovenija,1283,1330,1,0,1,3,Ni podatka
Krinau,Švica,820,908,0.6,0,0.4,Ni podatka,Ni podatka
Hausberglift – Waidring,Avstrija,800,900,1.5,0,1.5,2,Ni podatka
Alfaierlift – Gschnitz,Avstrija,1265,1350,0.5,0,0.3,Ni podatka,Ni podatka
Hotz – Oberweng (Spital am Pyhrn),Avstrija,839,898,1,0,1,2,17
Alpe di Neggia,Švica,1395,1595,1,0,1,2,Ni podatka
Wildstättlift – Wattenberg,Avstrija,1200,1317,0.8,0,0.8,Ni podatka,10
Neuleutasch (Leutasch),Avstrija,1200,1250,0.5,0,0.5,Ni podatka,18
Kobla – Bohinj,Slovenija,555,633,0.5,0,0.5,Ni podatka,19
Gähwil,Švica,760,905,0.8,0,0.8,Ni podatka,30
Gadmen,Švica,1205,1300,0.5,0,0.5,Ni podatka,19
Terenten (Terento),Italija,1235,1404,0.8,0,0.8,2,25
Gries (Längenfeld),Avstrija,1597,1663,0.5,0,0.5,Ni podatka,25
Mühldorf,Avstrija,620,680,0.5,0,0.5,Ni podatka,8
Bäretswil,Švica,725,835,1,0,1,3,23
Sauris di Sotto,Italija,1212,1330,0.8,0,0.8,2,44
Riesenlehen – St. Georgen am Reith,Avstrija,505,625,0.5,0,0.5,Ni podatka,14
Waldrastlift – Ehenbichl,Avstrija,850,965,0.5,0,0.5,Ni podatka,20
Raffelmoos – Elbach (Fischbachau),Nemčija,834,914,0.5,0,0.5,Ni podatka,15
Brandlwiese – Kaumberg,Avstrija,510,580,0.8,0,0.8,Ni podatka,14
Amberglift – Walchsee,Avstrija,660,750,0.5,0,0.5,Ni podatka,22.50
Schanz – Fischbach,Avstrija,1170,1250,0.6,0,0.6,Ni podatka,18
Hrastlift – Feistritz an der Gail,Avstrija,555,660,0.5,0,0.5,Ni podatka,28
Rhêmes Notre Dame,Italija,1732,1759,0.5,0,0.5,3,19
Pianeta Neve – Piamprato/Valprato Soana,Italija,1550,1638,0.8,0,0.8,2,13
Fellachlift – Virgen,Avstrija,1110,1190,0.6,0,0.6,Ni podatka,16
Sonnenberglift – Gries im Sellrain,Avstrija,1185,1275,0.6,0,0.6,Ni podatka,18.50
Langis,Švica,1450,1517,0.7,0,0.7,Ni podatka,25
Gurnigelbad,Švica,1150,1250,0.7,0,0.7,Ni podatka,30
Bündalift – Davos,Švica,1556,1714,0.6,0,0.6,Ni podatka,37
Mitteldorflift – Döllach (Großkirchheim),Avstrija,1060,1145,0.6,0,0.6,Ni podatka,12.50
Kronberg – Attergau,Avstrija,544,632,1,0,0.5,2,20
Taisten (Tesido),Italija,1227,1395,0.8,0,0.8,Ni podatka,25
Realp,Švica,1550,1660,1,0,1,2,31
Cogolo,Italija,1180,1253,0.5,0,0.5,2,55
Saas-Balen,Švica,1472,1521,0.5,0,0.5,Ni podatka,17
Schilpario,Italija,1135,1600,0.7,0,0.7,Ni podatka,22
Saualpe – Eberstein,Avstrija,1540,1650,0.9,0,0.9,Ni podatka,25
Casaccia,Švica,1550,1600,0.5,0,0.5,Ni podatka,37
Navis,Avstrija,1395,1585,0.7,0,0,Ni podatka,10
Les Chosalets,Francija,1200,1290,0.5,0,0.5,2,19
Vögelsberg (Wattens),Avstrija,870,976,0.5,0,0.5,Ni podatka,26
Stanzach,Avstrija,940,1049,1.7,0,1,3,27.50
Eichfeldlift – Turnau,Avstrija,784,850,0.5,0,0.5,Ni podatka,25
Laimerlift – St. Gilgen,Avstrija,610,663,0.6,0,0.6,Ni podatka,Ni podatka
Antermoia (San Martin de Tor),Italija,1524,1696,0.7,0,0.7,Ni podatka,Ni podatka
Moosberglift – Weißenbach am Lech,Avstrija,905,1030,0.7,0,0.7,Ni podatka,Ni podatka
Kaiserlindenlift – Gams bei Hieflau,Avstrija,530,650,0.8,0,0.8,Ni podatka,Ni podatka
Mühlegglift – Hopfgarten in Defereggen,Avstrija,1097,1155,0.5,0,0.5,Ni podatka,Ni podatka
Petersberg (Monte S. Pietro) – Nova Ponente (Deutschnofen),Italija,1350,1470,0.6,0,0.6,Ni podatka,Ni podatka
Rossbachlift – Nassereith,Avstrija,910,1030,0.5,0,0,Ni podatka,Ni podatka
Brenneralm – Breitenfurt bei Wien,Avstrija,385,475,0.8,0,0.8,Ni podatka,Ni podatka
Dellach im Drautal,Avstrija,610,650,0.5,0,0.5,Ni podatka,Ni podatka
Grünsteinlift – Schönau am Königssee,Nemčija,642,762,0.5,0,0.5,Ni podatka,Ni podatka
Nova Ponente (Deutschnofen),Italija,1402,1538,0.8,0,0.8,Ni podatka,Ni podatka
Lüsen (Luson),Italija,1070,1189,0.8,0,0.8,Ni podatka,Ni podatka
Stadtwaldlift – Rottenmann,Avstrija,788,910,0.6,0,0.6,Ni podatka,Ni podatka
Pradibosco – Prato Carnico,Italija,1135,1245,0.8,0,0.8,Ni podatka,Ni podatka
Archamps,Francija,1170,1290,0.8,0,0.8,Ni podatka,Ni podatka
Saint Nizier du Moucherotte,Francija,1161,1200,0.6,0,0.6,Ni podatka,Ni podatka
Cui Dariolo – Malesco,Italija,793,916,0.5,0,0.5,Ni podatka,Ni podatka
Kellerberg – Haldi,Švica,1238,1393,0.8,0,0.8,Ni podatka,Ni podatka
Schatzerlift – Kirchberg,Avstrija,824,878,0.7,0,0.7,Ni podatka,Ni podatka
Bachrain – Golling an der Salzach,Avstrija,845,900,0.5,0,0.5,2,Ni podatka
Galtwiesen – Wald im Pitztal,Avstrija,1187,1280,0.5,0,0.5,Ni podatka,Ni podatka
Krispl,Avstrija,919,1039,0.7,0,0.1,2,Ni podatka
Reitdorf (Flachau),Avstrija,880,945,0.5,0,0.5,Ni podatka,Ni podatka
Lantsch/Lenz,Švica,1290,1382,0.8,0,0.8,Ni podatka,Ni podatka
Waldheimhütte – Sankt Anna am Lavantegg,Avstrija,1616,1708,0.5,0,0.5,Ni podatka,Ni podatka
Dzora – Lourtier,Švica,1100,1188,0.6,0,0.6,Ni podatka,Ni podatka
Baumschlagerberg – Vorderstoder,Avstrija,829,982,0.6,0,0.6,Ni podatka,Ni podatka
Sonnenlift Axams,Avstrija,910,1000,0.5,0,0.5,Ni podatka,Ni podatka
Katschwald (Obdach),Avstrija,1200,1277,0.5,0,0.5,Ni podatka,Ni podatka
Kreuthlift – Bad Oberdorf,Nemčija,840,890,0.5,0,0.5,Ni podatka,Ni podatka
Lifinar – Partenen,Avstrija,1080,1160,0.8,0,0.8,Ni podatka,Ni podatka
Westernberg (Ruhpolding),Nemčija,670,750,0.5,0,0.5,2,21
Rudno – Železniki,Slovenija,490,571,0.5,0,0.2,2,15
Oberwangen,Švica,627,765,0.8,0,0.8,2,23
Benzeck – Blindau (Reit im Winkl),Nemčija,690,770,1,0,1,4,22
Schwoich,Avstrija,630,726,0.6,0,0.6,2,19.50
Kalte Kuchl – Innerhalbach,Avstrija,713,759,0.5,0,0.3,2,10
Kesselmannlifte – Faistenau,Avstrija,800,855,0.9,0,0.9,2,18
Logarska dolina,Slovenija,740,850,0.8,0,0.8,2,10
Sonnenlifts – Röfleuten (Pfronten),Nemčija,850,1100,0.8,0,0.3,2,20
Annerlbauer – Krieglach,Avstrija,870,926,0.5,0,0.5,2,26
Kirchberglifte – Kreuth,Nemčija,780,890,1,0,1,4,12
Am Ried – Farchant,Nemčija,670,772,0.6,0,0.6,Ni podatka,17
Auf der Rieder – Eschenlohe,Nemčija,650,700,1,0.3,0.5,Ni podatka,Ni podatka
Kanterlift – Kartitsch,Avstrija,1322,1419,0.4,0,0.4,Ni podatka,41
Bungerloch – Tarrenz,Avstrija,850,950,0.3,0,0,Ni podatka,9
Tannerfeld – Bayrischzell,Nemčija,797,815,0.3,0,0.3,Ni podatka,12
Oberzeiring (Pölstal),Avstrija,932,980,0.4,0,0.4,Ni podatka,21
La Magdeleine,Italija,1667,1697,0.3,0,0.3,3,10
Hütten – Bizau,Avstrija,742,766,0.3,0,0.3,Ni podatka,6
Oberhelfenschwil,Švica,798,866,0.4,0,0.4,Ni podatka,23
Schwäbeleholzlift – Sonthofen,Nemčija,740,820,0.3,0,0.3,Ni podatka,9
Hampy – Adelboden,Švica,1289,1351,0.3,0,0.3,Ni podatka,28
Ochsengarten – Paternion,Avstrija,582,595,0.3,0,0.3,2,13
Kienleitenlift – Brandenberg,Avstrija,916,982,0.4,0,0.4,Ni podatka,12
Hubelweid – Heiligenschwendi,Švica,1102,1152,0.3,0,0.3,Ni podatka,21
Schnabelsberg – Bennau (Einsiedeln),Švica,950,1020,0.3,0,0.3,Ni podatka,18
Pragelato,Italija,1532,1584,0.3,0,0.3,Ni podatka,15
Happylift – Semmering,Avstrija,1010,1070,0.3,0,0.3,Ni podatka,26
Feichten,Avstrija,1275,1310,0.3,0,0.3,Ni podatka,19
Böglerlift – Alpbach,Avstrija,985,1040,0.3,0,0.3,Ni podatka,68.50
Provi-Snowpark – Proveis,Italija,1415,1430,0.1,0,0.1,Ni podatka,9
Balme di Lanzo,Italija,1452,1512,0.3,0,0.3,Ni podatka,5
Hinterfeld – Mösern (Telfs),Avstrija,1235,1265,0.2,0,0.2,Ni podatka,28.50
Pfannilift – Neuhaus (Schliersee),Nemčija,840,882,0.3,0,0.3,Ni podatka,10
Beckenhalde – St. Gallen,Švica,764,854,0.4,0,0.4,Ni podatka,20
Les Prévondes,Švica,987,1090,0.4,0,0.4,Ni podatka,11
St. Oyen Flassin,Italija,1374,1398,0.2,0,0.2,2,15
Hörnli – Hemberg-Bächli,Švica,890,970,0.4,0,0.4,Ni podatka,27
Sternenberg – Schatzböl,Švica,838,884,0.3,0,0.3,Ni podatka,11
Telli – Morschach,Švica,640,676,0.3,0,0.3,2,15
Wimmerlifte – Purgstall bei Eggersdorf,Avstrija,450,500,0.4,0,0.4,2,22
Floitenlift – Ginzling,Avstrija,990,1020,0.2,0,0.2,Ni podatka,9
Winterwichtelland Sillian,Avstrija,1093,1101,0.1,0,0.1,Ni podatka,5
Langmattli – Hergiswil,Švica,838,946,0.4,0,0.4,Ni podatka,13
Zenitzen – Winklern,Avstrija,924,980,0.4,0,0.4,Ni podatka,12.50
Notre-Dame-de-Vaulx,Francija,1030,1085,0.3,0,0,Ni podatka,2.50
Krößbach,Avstrija,1102,1168,0.4,0,0.4,Ni podatka,25
Wilern (Binn),Švica,1427,1542,0.4,0,0.4,Ni podatka,11
Schnee-Erlebnisland Flattach,Avstrija,715,775,0.2,0,0.2,Ni podatka,15
Alpe Cainallo – Esino Lario,Italija,1245,1332,nan,nan,nan,2,10
Stockerfeldlift Mößna – St. Nikolai im Sölktal (Sölk),Avstrija,1001,1096,0.4,0,0.4,Ni podatka,Ni podatka
Dollwiese – Vienna,Avstrija,320,350,0.2,0,0.2,Ni podatka,Ni podatka
Walchlift – Oberpiller,Avstrija,1370,1404,0.3,0,0.3,Ni podatka,Ni podatka
Schöder,Avstrija,892,955,0.4,0,0.4,Ni podatka,Ni podatka
Kelchsau,Avstrija,775,780,0.1,0,0.1,Ni podatka,Ni podatka
Holzeis-Bichl – Obermieming,Avstrija,870,883,0.1,0,0.1,Ni podatka,Ni podatka
Hochgallmigg,Avstrija,1365,1480,0.4,0,0,Ni podatka,Ni podatka
Belmonte – Treschè Conca,Italija,1055,1070,0.1,0,0.1,Ni podatka,Ni podatka
Bedea – Novaggio,Švica,625,690,0.3,0,0.3,Ni podatka,Ni podatka
Winterpark Neustift,Avstrija,991,995,0.1,0,0.1,Ni podatka,Ni podatka
Hohe Wand Wiese – Vienna (dry slopes),Avstrija,254,260,0.1,0,0.1,2,Ni podatka
Markt Piesting,Avstrija,347,363,0.1,0,0.1,Ni podatka,Ni podatka
Lochwiesen – Tiefenbach,Nemčija,849,894,0.3,0,0.3,Ni podatka,Ni podatka
Flirsch,Avstrija,1157,1216,0.3,0,0,Ni podatka,Ni podatka
Kufstein,Avstrija,521,531,0.1,0,0.1,Ni podatka,Ni podatka
Stadlhof – Falkenstein,Avstrija,876,920,0.3,0,0.3,Ni podatka,Ni podatka
Gaisrückleiten – Wiesen,Avstrija,340,380,0.3,0,0.3,Ni podatka,Ni podatka
Lainach (Rangersdorf),Avstrija,870,950,0.3,0,0.3,Ni podatka,Ni podatka
Haut-de-Caux,Švica,1156,1166,0.1,0,0.1,Ni podatka,Ni podatka
Rettenegg,Avstrija,870,900,0.3,0,0.3,Ni podatka,Ni podatka
Ausserschwand,Švica,1341,1392,0.2,0,0.2,Ni podatka,Ni podatka
Sonnenberglift – Milders,Avstrija,1037,1149,0.4,0,0,Ni podatka,Ni podatka
Rodel Jet – Flachau,Avstrija,901,943,0.3,0,0.3,Ni podatka,Ni podatka
Bruggen (Greifenburg),Avstrija,590,660,0.3,0,0.3,Ni podatka,Ni podatka
